theta,x,y,Cp,q_w
1.577814056521863,-0.007017672125512222,0.9999753759141858,0.1328018171251339,0.009609726121885697
1.605318742356542,-0.0345155586832335,0.9994041605690456,0.14491901400784,0.01031778737876494
1.645596151880368,-0.07473009358642449,0.9972037971811801,0.1640366703727675,0.01143124869182659
1.685873561404194,-0.1148234125067443,0.9933859189128061,0.184862834424639,0.01263951344801004
1.713378247238873,-0.1420993056205747,0.989852406926875,0.2001069925061008,0.01352105380438794
1.727413706692806,-0.1559778866726696,0.9877605474131401,0.2082147531318444,0.01398896735373182
1.754918392527485,-0.1830835093274717,0.9830973647438344,0.2247611125228585,0.01494195557222636
1.795195802051311,-0.2225209339563148,0.9749279121818235,0.2505979907439513,0.01642506054506442
1.835473211575136,-0.2615974184012986,0.9651770773488719,0.2783913507737097,0.01801408610152047
1.862977897409815,-0.2880420196911319,0.9576177708506829,0.2985160128811203,0.01916074762986901
1.877013356863748,-0.301453812977258,0.9534807805080553,0.3091473661083348,0.01976521332094907
1.904518042698427,-0.3275616769097258,0.9448297983097391,0.3306939856530109,0.0209876502637631
1.944795452222253,-0.3653410243663951,0.9308737486442042,0.3639533739340454,0.02286787010271808
1.985072861746078,-0.4025277702454895,0.9154077747840736,0.3992343849749855,0.02485379463615061
2.012577547580757,-0.4275503510168993,0.9039915361894181,0.4244752158425973,0.02626934376095307
2.02661300703469,-0.4401957592373656,0.8979018285459816,0.437709432787058,0.02700984251785423
2.05411769286937,-0.4647226579091943,0.8854562954656475,0.4643256409111106,0.02849564907645338
2.094395102393196,-0.5000000000000002,0.8660254037844386,0.504887628646994,0.03075126790620683
2.134672511917021,-0.5344663168595135,0.8451897751964115,0.5472491578814971,0.03309608620188262
2.1621771977517,-0.5575079140066362,0.8301716244107278,0.5771502658685019,0.03474468325214608
2.176212657205633,-0.5691044596377062,0.822265233472298,0.5926962576607935,0.03559972824150894
2.203717343040313,-0.5915025026620467,0.8063031621533363,0.6236928937694214,0.03730037912244898
2.243994752564138,-0.6234898018587338,0.7818314824680296,0.6702543164195472,0.03984470696590355
2.284272162087964,-0.6544657691338991,0.7560916326649229,0.7180304741308122,0.04244284883414123
2.311776847922643,-0.675011671451561,0.737807050360016,0.7512404711892589,0.04424152046445749
2.325812307376576,-0.685300306826551,0.7282605918352396,0.7683409721496571,0.04516538834980108
2.353316993211255,-0.7050691589338919,0.7091385485743872,0.8021010102839892,0.04698472886052224
2.393594402735081,-0.7330518718298263,0.6801727377709194,0.8519773076375698,0.04966167555967922
2.433871812258906,-0.7598455375979611,0.6501036524635129,0.9021135925570221,0.05233968077855061
2.461376498093585,-0.7774367835794677,0.6289610859937119,0.9363408957777772,0.05416060998476482
2.475411957547518,-0.7861876775855584,0.6179878119909843,0.9537644313883307,0.05508532256569824
2.502916643382198,-0.8028857352868664,0.5961329516364634,0.9877576726866061,0.05688507858064925
2.543194052906023,-0.8262387743159947,0.5633200580636222,1.036980594603508,0.05948114270915624
2.583471462429848,-0.8482516123590389,0.5295934309300155,1.085226369893304,0.06201429138968955
2.610976148264528,-0.8624952426378222,0.5060651702932163,1.117426518032842,0.06369877086834252
2.625011607718461,-0.8695129147633345,0.4939102056209693,1.133580603576332,0.06454199976072032
2.65251629355314,-0.882767171042272,0.4698107296390303,1.16461990879154,0.06615874420207263
2.692793703076966,-0.900968867902419,0.4338837391175582,1.208393557925086,0.06843115547770896
2.733071112600791,-0.9177091477936108,0.3972529672763427,1.249850387889098,0.07057510823653017
2.76057579843547,-0.9282869832061328,0.3718645949358911,1.276650219093341,0.071956869812783
2.774611257889403,-0.9334146702521373,0.3587994614194283,1.289812364864617,0.07263430547491663
2.802115943724083,-0.9429290469254323,0.3329937122803217,1.314532898302035,0.073904474170086
2.842393353247909,-0.9555728057861409,0.2947551744109038,1.347992517225017,0.07561928821197
2.882670762771734,-0.9666665773351907,0.2560385287744845,1.377929295481472,0.07714928104700394
2.910175448606413,-0.9733423265176826,0.2293571790154437,1.396208680147928,0.07808152304846461
2.924210908060346,-0.9764654844288195,0.2156737301480388,1.404829234929768,0.07852066184660648
2.951715593895026,-0.9820274460436247,0.188738165644816,1.420290447026811,0.07930741837522337
2.991993003418851,-0.9888308262251285,0.1490422661761743,1.439394885583207,0.08027811618269265
3.032270412942676,-0.9940302729075364,0.1091046126307368,1.454138092787166,0.08102610808177234
3.059775098777355,-0.9966548106546054,0.08172630271712052,1.461627836131023,0.08140573263850748
3.073810558231288,-0.9977036732440023,0.06773020413525369,1.464629881930838,0.08155782804698494
3.101315244065968,-0.9991889747687078,0.04026652026923618,1.468889597813793,0.08177356501385073
3.141592653589793,-1,1.224646799147353e-16,1.471220323563441,0.08189157982888455
3.181870063113618,-0.9991889747687079,-0.04026652026923594,1.468889597813945,0.08177356501386489
3.209374748948298,-0.997703673244002,-0.06773020413525341,1.464629881930761,0.08155782804703375
3.223410208402231,-0.9966548106546056,-0.08172630271712024,1.461627836131195,0.08140573263846913
3.25091489423691,-0.9940302729075361,-0.1091046126307366,1.454138092787126,0.08102610808177144
3.291192303760735,-0.9888308262251285,-0.1490422661761745,1.439394885583367,0.08027811618270476
3.331469713284561,-0.9820274460436248,-0.1887381656448163,1.420290447026863,0.07930741837528184
3.35897439911924,-0.9764654844288194,-0.2156737301480386,1.404829234929956,0.07852066184664017
3.373009858573173,-0.973342326517683,-0.2293571790154433,1.39620868014815,0.0780815230484657
3.400514544407852,-0.9666665773351903,-0.2560385287744844,1.37792929548158,0.07714928104701713
3.440791953931678,-0.9555728057861407,-0.2947551744109044,1.34799251722526,0.07561928821199478
3.481069363455504,-0.9429290469254326,-0.3329937122803217,1.31453289830238,0.0739044741701326
3.508574049290183,-0.9334146702521372,-0.3587994614194278,1.289812364865126,0.07263430547491746
3.522609508744116,-0.9282869832061331,-0.3718645949358911,1.276650219093784,0.07195686981278603
3.550114194578795,-0.9177091477936106,-0.3972529672763427,1.249850387889399,0.07057510823655912
3.590391604102621,-0.9009688679024191,-0.433883739117558,1.208393557925564,0.06843115547774943
3.630669013626446,-0.8827671710422725,-0.4698107296390298,1.164619908792059,0.06615874420214474
3.658173699461126,-0.8695129147633343,-0.493910205620969,1.133580603576971,0.06454199976076859
3.672209158915058,-0.8624952426378225,-0.5060651702932164,1.117426518033472,0.06369877086838127
3.699713844749737,-0.8482516123590389,-0.5295934309300152,1.085226369894041,0.06201429138972507
3.739991254273563,-0.8262387743159949,-0.5633200580636221,1.036980594604415,0.05948114270920964
3.780268663797389,-0.8028857352868667,-0.5961329516364633,0.9877576726876659,0.05688507858073445
3.807773349632067,-0.7861876775855584,-0.6179878119909838,0.9537644313894442,0.05508532256578257
3.821808809086001,-0.7774367835794682,-0.6289610859937119,0.9363408957789159,0.05416060998483339
3.84931349492068,-0.759845537597961,-0.6501036524635126,0.9021135925584214,0.05233968077862377
3.889590904444506,-0.7330518718298262,-0.6801727377709195,0.8519773076391945,0.04966167555978011
3.929868313968331,-0.705069158933892,-0.7091385485743876,0.8021010102859437,0.04698472886065216
3.95737299980301,-0.6853003068265505,-0.7282605918352395,0.7683409721517808,0.04516538834993029
3.971408459256943,-0.675011671451561,-0.7378070503600164,0.7512404711914932,0.04424152046458232
3.998913145091623,-0.6544657691338986,-0.7560916326649227,0.7180304741333459,0.04244284883428513
4.039190554615448,-0.6234898018587337,-0.7818314824680297,0.6702543164224275,0.03984470696607809
4.079467964139273,-0.5915025026620472,-0.8063031621533364,0.6236928937728103,0.03730037912266811
4.106972649973953,-0.5691044596377061,-0.8222652334722976,0.5926962576644148,0.03559972824174522
4.121008109427885,-0.5575079140066366,-0.8301716244107278,0.5771502658722525,0.03474468325238683
4.148512795262565,-0.5344663168595136,-0.845189775196411,0.5472491578855219,0.03309608620216003
4.188790204786391,-0.4999999999999996,-0.8660254037844388,0.5048876286513543,0.03075126790653394
4.229067614310217,-0.4647226579091941,-0.885456295465648,0.4643256409156933,0.02849564907684718
4.256572300144896,-0.4401957592373658,-0.8979018285459813,0.4377094327915443,0.02700984251827002
4.270607759598828,-0.4275503510168999,-0.903991536189418,0.4244752158469637,0.02626934376137603
4.298112445433508,-0.4025277702454899,-0.915407774784073,0.3992343849788855,0.02485379463660855
4.338389854957334,-0.3653410243663949,-0.9308737486442042,0.3639533739364337,0.02286787010320686
4.378667264481159,-0.327561676909726,-0.9448297983097395,0.330693985652484,0.02098765026425736
4.406171950315837,-0.3014538129772587,-0.953480780508055,0.3091473661044953,0.01976521332139064
4.420207409769771,-0.2880420196911326,-0.957617770850683,0.2985160128750183,0.01916074763026581
4.44771209560445,-0.2615974184012986,-0.9651770773488717,0.2783913507619209,0.01801408610178918
4.487989505128276,-0.2225209339563146,-0.9749279121818236,0.2505979907196589,0.01642506054499168
4.528266914652101,-0.1830835093274719,-0.9830973647438346,0.2247611124796673,0.01494195557154174
4.55577160048678,-0.1559778866726696,-0.9877605474131398,0.208214753071403,0.01398896735240682
4.569807059940714,-0.1420993056205747,-0.9898524069268755,0.2001069924354267,0.01352105380266678
4.597311745775393,-0.1148234125067445,-0.9933859189128059,0.1848628343319043,0.01263951344535873
4.637589155299218,-0.07473009358642473,-0.9972037971811801,0.1640366702464676,0.01143124868753172
4.677866564823044,-0.03451555868323331,-0.9994041605690458,0.1449190138609279,0.01031778737285161
4.705371250657723,-0.007017672125512254,-0.9999753759141854,0.1328018169854487,0.00960972611532241
