timeHist0,timeHist1,timeHist2,timeHist3
0.000000000000000000e+00,0.000000000000000000e+00,0.000000000000000000e+00,0.000000000000000000e+00
5.999999999999999778e-01,2.999999999999999889e-02,5.546255800543669068e+00,5.546255800543705483e+00
1.199999999999999956e+00,5.999999999999999778e-02,1.000404383977111067e+01,1.000404383977116751e+01
1.799999999999999822e+00,8.999999999999998279e-02,1.375251304147108122e+01,1.375251304147116649e+01
2.399999999999999911e+00,1.199999999999999956e-01,1.699769536682476812e+01,1.699769536682487470e+01
3.000000000000000000e+00,1.500000000000000222e-01,1.985653146801151792e+01,1.985653146801165292e+01
3.600000000000000089e+00,1.800000000000000211e-01,2.240099707454007572e+01,2.240099707454021782e+01
4.200000000000000178e+00,2.100000000000000200e-01,2.468004949225446154e+01,2.468004949225462497e+01
4.799999999999999822e+00,2.399999999999999911e-01,2.673029643733206839e+01,2.673029643733224248e+01
5.399999999999999467e+00,2.700000000000000178e-01,2.858115773132762172e+01,2.858115773132779225e+01
5.999999999999999112e+00,2.999999999999999889e-01,3.025739070329847991e+01,3.025739070329865399e+01
6.599999999999998757e+00,3.299999999999999045e-01,3.178036778196933199e+01,3.178036778196952028e+01
7.199999999999998401e+00,3.599999999999998757e-01,3.316876803939474172e+01,3.316876803939493357e+01
7.799999999999998046e+00,3.899999999999999023e-01,3.443899476786562275e+01,3.443899476786581459e+01
8.399999999999998579e+00,4.199999999999999289e-01,3.560546448126432040e+01,3.560546448126451935e+01
8.999999999999998224e+00,4.499999999999999001e-01,3.668083383249158658e+01,3.668083383249179263e+01
9.599999999999997868e+00,4.799999999999999267e-01,3.767619395516054226e+01,3.767619395516075542e+01
1.019999999999999751e+01,5.099999999999998979e-01,3.860124470432830890e+01,3.860124470432852206e+01
1.079999999999999716e+01,5.399999999999999245e-01,3.946445368287581346e+01,3.946445368287602662e+01
1.139999999999999680e+01,5.699999999999998401e-01,4.027320177210632579e+01,4.027320177210657448e+01
1.199999999999999645e+01,5.999999999999997558e-01,4.103391573541275505e+01,4.103391573541298953e+01
1.259999999999999609e+01,6.299999999999997824e-01,4.175218819043773522e+01,4.175218819043796969e+01
1.319999999999999574e+01,6.599999999999996980e-01,4.243288531265816488e+01,4.243288531265840646e+01
1.379999999999999538e+01,6.899999999999997247e-01,4.308024279865234263e+01,4.308024279865258421e+01
1.439999999999999503e+01,7.199999999999997513e-01,4.369795077736975486e+01,4.369795077737000355e+01
1.499999999999999467e+01,7.499999999999997780e-01,4.428922847542067842e+01,4.428922847542091290e+01
1.559999999999999432e+01,7.799999999999996936e-01,4.485688951054517304e+01,4.485688951054540752e+01
1.619999999999999574e+01,8.099999999999997202e-01,4.540339871127400784e+01,4.540339871127427074e+01
1.679999999999999716e+01,8.399999999999998579e-01,4.593092134975122320e+01,4.593092134975147900e+01
1.739999999999999858e+01,8.699999999999998845e-01,4.644136563851180455e+01,4.644136563851206745e+01
1.800000000000000000e+01,8.999999999999999112e-01,4.693641928926241746e+01,4.693641928926265905e+01
1.860000000000000142e+01,9.299999999999999378e-01,4.741758086928542326e+01,4.741758086928567906e+01
1.920000000000000284e+01,9.600000000000001865e-01,4.788618662420399374e+01,4.788618662420424954e+01
1.980000000000000426e+01,9.900000000000002132e-01,4.834343336827156179e+01,4.834343336827181759e+01
2.040000000000000568e+01,1.020000000000000240e+00,4.879039797767359232e+01,4.879039797767386233e+01
2.100000000000000711e+01,1.050000000000000488e+00,4.922805396021242075e+01,4.922805396021268365e+01
2.160000000000000853e+01,1.080000000000000515e+00,4.965728551717185724e+01,4.965728551717212014e+01
2.220000000000000995e+01,1.110000000000000542e+00,5.007889946060743114e+01,5.007889946060768693e+01
2.280000000000001137e+01,1.140000000000000568e+00,5.049363530191366323e+01,5.049363530191392613e+01
2.340000000000001279e+01,1.170000000000000817e+00,5.090217378518619995e+01,5.090217378518647706e+01
2.400000000000001421e+01,1.200000000000000622e+00,5.130514410137362802e+01,5.130514410137385539e+01
2.460000000000001563e+01,1.230000000000000870e+00,5.170312998616779510e+01,5.170312998616806510e+01
2.520000000000001705e+01,1.260000000000000675e+00,5.209667487563379495e+01,5.209667487563408628e+01
2.580000000000001847e+01,1.290000000000000924e+00,5.248628626833477284e+01,5.248628626833503574e+01
2.640000000000001990e+01,1.320000000000000950e+00,5.287243942077970615e+01,5.287243942077997616e+01
2.700000000000002132e+01,1.350000000000000977e+00,5.325558048403986788e+01,5.325558048404013789e+01
2.760000000000002274e+01,1.380000000000001004e+00,5.363612917299533933e+01,5.363612917299562355e+01
2.820000000000002416e+01,1.410000000000001252e+00,5.401448104557720598e+01,5.401448104557748309e+01
2.880000000000002558e+01,1.440000000000001279e+00,5.439100945726789860e+01,5.439100945726818992e+01
2.940000000000002700e+01,1.470000000000001306e+00,5.476606724576395635e+01,5.476606724576423346e+01
3.000000000000002842e+01,1.499999999999998668e+00,5.513998819185417943e+01,5.513998819185443523e+01
3.060000000000002984e+01,1.469999999999998641e+00,5.287005787679021296e+01,5.287005787679049007e+01
3.120000000000003126e+01,1.439999999999998170e+00,5.088095951646219817e+01,5.088095951646245396e+01
3.180000000000003268e+01,1.409999999999998366e+00,4.906684935902651290e+01,4.906684935902676870e+01
3.240000000000003411e+01,1.379999999999998117e+00,4.737060454075894000e+01,4.737060454075918159e+01
3.300000000000003553e+01,1.349999999999998312e+00,4.575942540764862088e+01,4.575942540764885536e+01
3.360000000000003695e+01,1.319999999999998064e+00,4.421321040695754334e+01,4.421321040695779203e+01
3.420000000000003837e+01,1.289999999999998259e+00,4.271873285316282676e+01,4.271873285316306834e+01
3.480000000000003979e+01,1.259999999999998010e+00,4.126662894860372433e+01,4.126662894860393749e+01
3.540000000000004121e+01,1.229999999999998206e+00,3.984979981990714037e+01,3.984979981990734643e+01
3.600000000000004263e+01,1.199999999999997735e+00,3.846254154609760434e+01,3.846254154609781040e+01
3.660000000000004405e+01,1.169999999999997708e+00,3.710005655633916177e+01,3.710005655633937494e+01
3.720000000000004547e+01,1.139999999999997682e+00,3.575816813820686946e+01,3.575816813820707551e+01
3.780000000000004690e+01,1.109999999999997655e+00,3.443314518914303335e+01,3.443314518914323230e+01
3.840000000000004832e+01,1.079999999999997629e+00,3.312158824130371215e+01,3.312158824130391110e+01
3.900000000000004974e+01,1.049999999999997602e+00,3.182035057313561666e+01,3.182035057313579074e+01
3.960000000000005116e+01,1.019999999999997575e+00,3.052648014681673416e+01,3.052648014681689403e+01
4.020000000000005258e+01,9.899999999999972156e-01,2.923717441206635925e+01,2.923717441206653689e+01
4.080000000000005400e+01,9.599999999999971889e-01,2.794974338535379843e+01,2.794974338535396186e+01
4.140000000000005542e+01,9.299999999999971623e-01,2.666157824147465050e+01,2.666157824147481392e+01
4.200000000000005684e+01,8.999999999999971356e-01,2.537012366552569986e+01,2.537012366552584197e+01
4.260000000000005826e+01,8.699999999999971090e-01,2.407285278561592179e+01,2.407285278561606745e+01
4.320000000000005969e+01,8.399999999999970823e-01,2.276724383900978310e+01,2.276724383900991810e+01
4.380000000000006111e+01,8.099999999999970557e-01,2.145075792214093724e+01,2.145075792214107580e+01
4.440000000000006253e+01,7.799999999999970290e-01,2.012081729441960576e+01,2.012081729441971945e+01
4.500000000000006395e+01,7.499999999999966693e-01,1.877478377747247862e+01,1.877478377747259941e+01
4.560000000000006537e+01,7.199999999999966427e-01,1.740993683207735998e+01,1.740993683207747722e+01
4.620000000000006679e+01,6.899999999999966160e-01,1.602345091375200781e+01,1.602345091375212505e+01
4.680000000000006821e+01,6.599999999999965894e-01,1.461237170971368116e+01,1.461237170971378418e+01
4.740000000000006963e+01,6.299999999999965627e-01,1.317359084727364227e+01,1.317359084727373819e+01
4.800000000000007105e+01,5.999999999999965361e-01,1.170381863768728792e+01,1.170381863768737851e+01
4.860000000000007248e+01,5.699999999999965095e-01,1.019955437999722925e+01,1.019955437999730918e+01
4.920000000000007390e+01,5.399999999999961497e-01,8.657053695608642130e+00,8.657053695608720290e+00
4.980000000000007532e+01,5.099999999999961231e-01,7.072292294588348405e+00,7.072292294588410577e+00
5.040000000000007674e+01,4.799999999999960965e-01,5.440925486568210623e+00,5.440925486568270131e+00
5.100000000000007816e+01,4.499999999999960698e-01,3.758242639383372996e+00,3.758242639383420958e+00
5.160000000000007958e+01,4.199999999999960432e-01,2.019115652865261623e+00,2.019115652865294486e+00
5.220000000000008100e+01,3.899999999999960165e-01,2.179403479665166510e-01,2.179403479665409926e-01
5.280000000000008242e+01,3.599999999999959899e-01,-1.651430534560532903e+00,-1.651430534560519803e+00
5.340000000000008384e+01,3.299999999999959632e-01,-3.595764285577653929e+00,-3.595764285577648600e+00
5.400000000000008527e+01,2.999999999999956035e-01,-5.622537002319012878e+00,-5.622537002319017319e+00
5.460000000000008669e+01,2.699999999999955769e-01,-7.740036448319125739e+00,-7.740036448319147944e+00
5.520000000000008811e+01,2.399999999999955502e-01,-9.957481743575939959e+00,-9.957481743575973709e+00
5.580000000000008953e+01,2.099999999999955236e-01,-1.228516323351235862e+01,-1.228516323351241013e+01
5.640000000000009095e+01,1.799999999999954969e-01,-1.473460664249939711e+01,-1.473460664249946106e+01
5.700000000000009237e+01,1.499999999999954703e-01,-1.731876657253523533e+01,-1.731876657253532770e+01
5.760000000000009379e+01,1.199999999999954436e-01,-2.005225561824062197e+01,-2.005225561824072500e+01
5.820000000000009521e+01,8.999999999999508393e-02,-2.295161691295943740e+01,-2.295161691295956530e+01
5.880000000000009663e+01,5.999999999999505729e-02,-2.603564990111529553e+01,-2.603564990111544120e+01
5.940000000000009805e+01,2.999999999999503064e-02,-2.932580168907457363e+01,-2.932580168907473706e+01
6.000000000000009948e+01,4.662936703425657470e-15,-3.284663965118446072e+01,-3.284663965118463835e+01
